Order-Id,Item-id,Product-Id,Quantity,Sales-Id,Customer-Id,Sales-Price-Per-Prod,Market-Segment
0,0,10,16,5,12,97,pharmaceutical
1,1,6,29,9,18,50,education
2,2,8,24,8,19,194,financial
3,3,13,15,3,7,110,retail
4,4,16,19,6,8,161,software
5,5,17,28,9,16,205,pharmaceutical
6,6,5,23,0,6,103,education
7,7,6,3,3,8,71,financial
8,8,4,26,8,29,179,financial
9,9,3,6,8,20,179,financial
10,10,15,13,3,18,179,realestate
11,11,13,9,8,16,112,financial
12,12,19,17,9,24,99,education
13,13,2,27,1,5,219,software
14,14,3,11,4,21,208,realestate
15,15,15,20,6,10,192,financial
16,16,19,2,3,28,115,software
17,17,4,18,6,12,149,financial
18,18,14,15,3,4,179,software
19,19,1,9,0,11,199,realestate
20,20,10,21,2,16,155,realestate
21,21,13,10,6,19,116,realestate
22,22,3,29,4,9,209,software
23,23,12,25,6,12,78,realestate
24,24,10,11,1,1,126,software
25,25,16,25,4,8,146,education
26,26,3,0,1,7,191,financial
27,27,0,13,6,22,119,pharmaceutical
28,28,2,20,2,1,213,software
29,29,11,23,5,22,120,education
30,30,18,6,8,23,87,realestate
31,31,12,18,4,4,87,software
32,32,0,11,6,15,119,retail
33,33,5,25,0,16,140,software
34,34,4,2,7,16,132,financial
35,35,15,23,2,12,214,realestate
36,36,8,27,0,4,145,pharmaceutical
37,37,17,3,1,1,183,financial
38,38,5,18,8,27,124,software
39,39,8,6,7,3,169,pharmaceutical
40,40,9,20,3,3,96,financial
41,41,9,28,8,12,48,realestate
42,42,19,20,7,26,95,realestate
43,43,17,18,0,3,183,realestate
44,44,11,19,3,10,104,realestate
45,45,9,21,3,9,97,retail
46,46,9,17,6,12,100,retail
47,47,3,24,0,21,185,realestate
48,48,16,0,0,2,156,retail
49,49,18,24,5,28,82,software
50,50,17,0,8,17,192,pharmaceutical
51,51,5,27,4,13,130,pharmaceutical
52,52,8,6,5,17,128,realestate
53,53,7,10,4,23,142,education
54,54,3,16,6,5,172,software
55,55,16,21,6,13,161,realestate
56,56,0,18,8,26,121,financial
57,57,2,24,2,17,203,realestate
58,58,16,4,3,19,149,retail
59,59,10,11,6,9,125,retail
60,60,16,11,3,4,158,pharmaceutical
61,61,4,0,8,21,130,education
62,62,6,20,8,21,77,retail
63,63,3,11,3,16,205,realestate
64,64,9,11,4,22,102,realestate
65,65,3,7,6,9,196,education
66,66,6,18,9,18,43,software
67,67,10,16,0,0,156,financial
68,68,10,5,2,15,129,financial
69,69,2,18,4,10,201,realestate
70,70,13,17,6,6,142,financial
71,71,8,22,0,16,118,education
72,72,2,18,7,20,210,retail
73,73,0,29,3,24,120,pharmaceutical
74,74,2,29,8,18,215,software
75,75,11,25,3,11,141,software
76,76,3,5,2,21,171,retail
77,77,9,14,2,8,47,pharmaceutical
78,78,0,29,9,14,120,education
79,79,6,18,8,4,69,financial
80,80,18,26,9,0,91,pharmaceutical
81,81,18,22,6,8,87,realestate
82,82,19,10,0,27,88,education
83,83,5,16,6,15,94,education
84,84,3,2,6,5,191,financial
85,85,7,24,7,25,123,pharmaceutical
86,86,0,0,3,26,123,financial
87,87,8,29,0,12,173,retail
88,88,9,22,2,28,68,realestate
89,89,4,1,4,6,184,financial
90,90,2,27,1,26,213,retail
91,91,1,1,7,25,169,pharmaceutical
92,92,6,20,7,14,70,software
93,93,0,20,1,24,123,pharmaceutical
94,94,17,8,6,12,190,education
95,95,11,15,7,22,109,pharmaceutical
96,96,10,0,4,1,109,education
97,97,2,13,2,23,199,retail
98,98,2,12,8,22,208,retail
99,99,10,14,7,4,93,software
100,100,18,8,6,21,57,financial
101,101,7,20,0,8,120,pharmaceutical
102,102,13,5,7,14,140,financial
103,103,18,8,9,3,78,retail
104,104,8,28,6,16,206,pharmaceutical
105,105,13,24,0,25,145,financial
106,106,7,6,9,27,161,education
107,107,12,23,7,1,110,pharmaceutical
108,108,5,7,4,24,99,pharmaceutical
109,109,19,23,5,7,83,retail
110,110,12,14,6,14,84,retail
111,111,0,11,2,5,120,software
112,112,10,9,7,17,88,financial
113,113,9,1,4,13,45,realestate
114,114,17,8,6,27,200,pharmaceutical
115,115,3,18,7,8,196,education
116,116,9,11,8,15,49,software
117,117,18,17,7,14,88,software
118,118,4,25,9,29,132,education
119,119,17,26,7,29,205,pharmaceutical
120,120,8,27,2,27,143,realestate
121,121,12,10,5,5,79,retail
122,122,8,27,4,1,174,financial
123,123,0,24,7,24,123,education
124,124,10,3,5,20,114,realestate
125,125,9,24,4,16,69,realestate
126,126,8,20,1,19,136,software
127,127,0,10,7,13,121,software
128,128,13,22,1,8,93,retail
129,129,13,15,5,13,139,education
130,130,15,29,9,20,189,pharmaceutical
131,131,8,4,0,27,201,software
132,132,7,24,2,14,123,pharmaceutical
133,133,1,4,0,9,222,financial
134,134,14,23,0,2,198,software
135,135,17,29,2,27,201,pharmaceutical
136,136,17,26,2,12,204,realestate
137,137,7,29,9,25,146,retail
138,138,19,20,3,19,106,realestate
139,139,11,27,3,9,108,realestate
140,140,18,25,7,7,91,software
141,141,14,5,5,9,180,pharmaceutical
142,142,6,17,3,14,83,pharmaceutical
143,143,17,6,6,2,205,software
144,144,7,2,6,14,142,retail
145,145,9,20,6,7,56,software
146,146,3,8,3,4,188,retail
147,147,18,12,0,18,54,financial
148,148,11,14,0,21,105,pharmaceutical
149,149,16,2,9,18,156,retail
150,150,9,24,9,1,70,financial
151,151,5,3,7,25,92,retail
152,152,13,8,2,5,135,financial
153,153,8,16,3,6,152,software
154,154,18,1,1,16,78,realestate
155,155,12,8,7,9,83,financial
156,156,2,2,8,11,216,financial
157,157,5,20,1,28,108,software
158,158,17,15,2,3,183,realestate
159,159,2,22,0,21,208,pharmaceutical
160,160,4,2,3,5,190,education
161,161,13,26,2,3,89,financial
162,162,10,14,3,14,107,pharmaceutical
163,163,12,11,6,3,106,education
164,164,2,27,5,8,218,retail
165,165,3,17,0,3,207,financial
166,166,10,26,7,16,111,realestate
167,167,19,7,5,18,118,software
168,168,3,22,4,9,195,pharmaceutical
169,169,14,8,6,14,193,financial
170,170,13,29,0,28,109,pharmaceutical
171,171,16,21,4,12,159,realestate
172,172,18,24,8,29,96,pharmaceutical
173,173,8,15,5,24,113,education
174,174,12,19,5,29,88,realestate
175,175,8,19,8,12,192,software
176,176,5,2,9,18,92,software
177,177,0,3,3,10,119,software
178,178,4,3,5,6,142,pharmaceutical
179,179,7,5,9,14,125,software
180,180,16,2,2,14,154,software
181,181,16,23,5,29,146,retail
182,182,17,2,8,27,201,realestate
183,183,13,14,2,14,118,education
184,184,13,2,3,4,99,pharmaceutical
185,185,11,17,5,3,105,realestate
186,186,6,27,4,28,78,retail
187,187,8,9,2,25,193,software
188,188,18,12,4,27,58,realestate
189,189,8,27,2,22,118,realestate
190,190,5,2,5,22,95,software
191,191,9,28,4,5,51,pharmaceutical
192,192,19,18,1,2,108,software
193,193,8,29,9,28,154,education
194,194,3,29,4,9,207,pharmaceutical
195,195,1,19,7,19,222,retail
196,196,3,28,2,17,173,realestate
197,197,18,4,4,9,98,education
198,198,14,16,8,27,193,software
199,199,19,24,3,16,95,education
200,200,5,5,1,16,105,retail
201,201,6,9,5,25,54,retail
202,202,6,13,4,3,43,software
203,203,12,14,0,27,103,financial
204,204,17,14,8,18,185,software
205,205,3,4,0,22,201,software
206,206,15,20,7,12,205,realestate
207,207,7,28,7,27,164,software
208,208,4,14,1,13,147,education
209,209,17,0,8,27,198,retail
210,210,13,13,4,17,97,retail
211,211,4,21,4,3,146,financial
212,212,18,29,9,13,54,retail
213,213,7,17,9,16,135,realestate
214,214,19,6,6,1,109,software
215,215,1,18,5,14,193,financial
216,216,15,29,9,12,213,education
217,217,13,3,9,0,106,pharmaceutical
218,218,17,21,9,3,199,retail
219,219,5,28,7,25,106,education
220,220,8,15,0,13,181,software
221,221,12,21,3,12,88,education
222,222,16,10,3,15,148,education
223,223,8,11,7,1,154,realestate
224,224,12,6,3,26,101,retail
225,225,15,25,7,28,179,software
226,226,12,25,6,13,108,retail
227,227,19,4,0,11,110,financial
228,228,14,13,3,24,196,software
229,229,6,8,6,15,54,software
230,230,6,8,0,25,38,financial
231,231,8,27,6,25,154,pharmaceutical
232,232,8,2,4,20,183,education
233,233,11,8,0,25,113,retail
234,234,5,27,2,2,118,retail
235,235,6,21,2,23,58,retail
236,236,2,17,3,2,216,pharmaceutical
237,237,11,21,2,14,108,financial
238,238,15,29,1,27,188,realestate
239,239,1,0,8,24,159,software
240,240,1,28,7,6,188,realestate
241,241,12,17,9,17,86,pharmaceutical
242,242,13,0,6,11,92,financial
243,243,13,27,0,18,127,education
244,244,19,9,0,23,115,software
245,245,13,23,4,2,135,education
246,246,2,7,1,28,204,financial
247,247,9,6,6,23,103,realestate
248,248,3,15,7,1,199,software
249,249,14,6,5,13,193,education
250,250,13,28,7,9,129,education
251,251,18,8,9,29,52,pharmaceutical
252,252,10,19,6,9,117,retail
253,253,10,15,6,29,102,pharmaceutical
254,254,19,0,3,21,77,software
255,255,13,3,9,13,99,software
256,256,13,7,6,5,137,retail
257,257,7,5,3,28,162,realestate
258,258,4,27,3,19,147,realestate
259,259,2,29,6,26,205,pharmaceutical
260,260,3,8,5,9,201,pharmaceutical
261,261,7,16,6,15,147,retail
262,262,10,18,2,23,153,pharmaceutical
263,263,3,28,6,11,209,pharmaceutical
264,264,3,9,0,5,176,realestate
265,265,5,12,0,19,124,retail
266,266,3,22,4,17,211,pharmaceutical
267,267,3,14,9,17,205,software
268,268,19,7,1,7,86,pharmaceutical
269,269,10,12,0,6,121,financial
270,270,9,12,8,15,44,education
271,271,5,13,1,14,103,pharmaceutical
272,272,19,16,2,3,86,education
273,273,13,14,7,12,113,software
274,274,12,12,8,26,89,education
275,275,4,23,2,16,167,pharmaceutical
276,276,0,9,7,5,120,software
277,277,9,12,1,9,87,software
278,278,0,21,0,5,119,financial
279,279,0,13,6,7,122,software
280,280,18,9,7,12,72,software
281,281,19,23,3,14,77,education
282,282,14,10,3,11,190,retail
283,283,15,18,6,18,178,financial
284,284,17,21,2,6,197,pharmaceutical
285,285,13,13,6,5,109,retail
286,286,0,12,3,20,119,software
287,287,10,12,9,8,149,retail
288,288,5,6,2,27,93,realestate
289,289,7,23,5,19,141,software
290,290,17,17,2,21,201,pharmaceutical
291,291,11,5,6,18,94,software
292,292,13,27,0,9,99,financial
293,293,0,18,5,20,119,software
294,294,19,18,1,2,94,pharmaceutical
295,295,17,0,4,10,191,realestate
296,296,2,1,3,22,200,retail
297,297,5,27,1,9,137,retail
298,298,12,0,7,11,90,software
299,299,2,17,5,22,216,realestate
300,300,10,19,2,8,100,financial
301,301,5,15,2,6,114,realestate
302,302,11,29,4,13,127,pharmaceutical
303,303,4,23,3,11,143,education
304,304,18,23,2,28,81,education
305,305,5,0,2,29,130,realestate
306,306,16,12,5,7,150,realestate
307,307,12,12,9,14,99,education
308,308,17,16,1,15,185,software
309,309,12,4,0,11,82,education
310,310,8,9,8,6,207,pharmaceutical
311,311,0,9,7,20,123,software
312,312,10,29,6,19,143,financial
313,313,10,19,7,17,115,financial
314,314,7,6,3,28,153,realestate
315,315,9,18,4,8,78,retail
316,316,17,5,0,26,191,education
317,317,19,3,1,12,115,education
318,318,9,19,3,3,53,pharmaceutical
319,319,0,25,5,2,122,education
320,320,8,20,4,28,204,education
321,321,3,11,0,13,198,software
322,322,19,24,0,5,82,education
323,323,10,26,4,4,104,realestate
324,324,2,11,0,21,202,financial
325,325,18,18,3,27,75,software
326,326,19,28,7,18,72,pharmaceutical
327,327,12,8,4,6,81,financial
328,328,1,26,9,25,160,software
329,329,13,14,8,19,144,pharmaceutical
330,330,15,4,1,4,185,pharmaceutical
331,331,3,21,1,13,176,realestate
332,332,3,11,7,21,181,education
333,333,19,27,4,0,80,pharmaceutical
334,334,15,4,3,10,210,realestate
335,335,7,5,5,15,152,pharmaceutical
336,336,3,4,7,15,206,realestate
337,337,6,24,6,24,84,pharmaceutical
338,338,14,2,1,1,191,software
339,339,2,13,0,19,214,retail
340,340,6,5,4,2,55,realestate
341,341,5,3,6,1,129,software
342,342,14,16,3,25,192,education
343,343,0,2,3,16,122,software
344,344,1,19,4,0,198,retail
345,345,13,27,6,29,97,realestate
346,346,1,7,1,11,187,financial
347,347,15,12,4,13,197,education
348,348,6,19,8,9,46,pharmaceutical
349,349,13,18,3,14,107,realestate
350,350,16,12,0,17,154,financial
351,351,16,4,9,12,151,financial
352,352,19,20,9,26,73,realestate
353,353,15,29,4,27,197,pharmaceutical
354,354,11,5,1,27,127,retail
355,355,2,17,4,10,217,software
356,356,0,4,4,5,119,software
357,357,0,29,4,18,123,software
358,358,3,16,8,9,171,retail
359,359,9,10,0,23,67,education
360,360,17,29,1,20,183,pharmaceutical
361,361,11,28,2,6,140,education
362,362,4,10,2,26,170,financial
363,363,19,21,0,27,112,retail
364,364,16,21,2,26,147,software
365,365,2,11,6,29,208,financial
366,366,15,12,5,22,204,realestate
367,367,12,26,0,0,78,retail
368,368,5,0,0,25,96,realestate
369,369,14,28,5,6,181,financial
370,370,1,21,0,25,212,financial
371,371,16,28,3,12,147,pharmaceutical
372,372,18,21,0,9,89,education
373,373,2,0,7,13,209,education
374,374,18,17,1,17,98,financial
375,375,7,22,8,5,157,software
376,376,3,17,7,21,178,retail
377,377,19,12,2,24,81,retail
378,378,3,16,0,15,207,financial
379,379,17,5,3,22,183,pharmaceutical
380,380,12,2,5,28,86,financial
381,381,3,14,7,15,185,financial
382,382,11,8,1,3,104,financial
383,383,0,3,6,0,119,software
384,384,5,16,0,22,120,education
385,385,11,0,2,27,113,retail
386,386,17,18,0,11,201,financial
387,387,15,16,3,15,208,financial
388,388,7,10,8,14,131,retail
389,389,3,9,2,3,176,education
390,390,12,13,1,27,83,retail
391,391,8,6,4,5,203,financial
392,392,5,25,4,6,139,financial
393,393,2,25,3,25,205,pharmaceutical
394,394,8,14,9,18,167,education
395,395,5,15,4,17,123,realestate
396,396,7,4,8,19,154,pharmaceutical
397,397,3,28,4,4,198,financial
398,398,5,15,0,28,126,software
399,399,8,10,6,29,203,realestate
400,400,4,20,5,8,186,realestate
401,401,8,29,1,8,154,pharmaceutical
402,402,10,12,2,5,150,education
403,403,6,26,7,20,77,retail
404,404,18,25,7,25,66,pharmaceutical
405,405,13,9,2,13,139,financial
406,406,16,17,7,28,160,realestate
407,407,19,15,0,17,84,financial
408,408,6,17,0,0,61,education
409,409,0,10,2,11,121,retail
410,410,6,4,4,1,68,realestate
411,411,12,11,6,25,108,software
412,412,14,26,7,25,189,financial
413,413,12,13,9,23,99,pharmaceutical
414,414,4,10,8,1,157,realestate
415,415,1,20,0,18,198,education
416,416,10,4,5,8,150,retail
417,417,8,17,8,15,195,education
418,418,8,23,7,28,124,retail
419,419,6,1,9,29,52,education
420,420,9,12,5,8,87,pharmaceutical
421,421,11,18,5,9,130,education
422,422,16,3,1,2,158,financial
423,423,5,10,9,14,117,software
424,424,17,3,7,21,189,retail
425,425,14,18,0,10,182,realestate
426,426,15,15,8,8,186,financial
427,427,18,26,6,3,55,software
428,428,1,0,9,0,229,financial
429,429,10,2,5,25,141,education
430,430,15,5,4,17,215,realestate
431,431,3,29,5,15,213,financial
432,432,12,18,2,25,87,realestate
433,433,0,12,3,26,119,retail
434,434,4,2,0,27,184,retail
435,435,11,7,9,1,116,education
436,436,2,28,1,5,201,financial
437,437,18,10,5,10,102,pharmaceutical
438,438,12,17,6,10,100,software
439,439,2,4,0,14,202,retail
440,440,12,9,4,22,109,pharmaceutical
441,441,0,11,5,19,122,financial
442,442,13,15,9,2,108,retail
443,443,19,19,8,12,113,pharmaceutical
444,444,5,23,7,10,115,pharmaceutical
445,445,5,3,1,0,97,financial
446,446,13,11,1,13,123,retail
447,447,7,23,3,0,143,financial
448,448,19,19,6,2,91,financial
449,449,8,2,0,6,148,financial
450,450,16,8,0,7,161,education
451,451,14,0,6,23,186,financial
452,452,0,22,7,9,120,education
453,453,15,21,6,18,190,retail
454,454,5,11,2,6,104,software
455,455,11,3,1,8,122,retail
456,456,1,20,2,8,222,pharmaceutical
457,457,3,17,7,3,207,realestate
458,458,8,13,0,26,172,education
459,459,1,21,7,6,190,realestate
460,460,10,22,4,20,92,financial
461,461,2,8,5,23,215,financial
462,462,3,26,0,29,171,software
463,463,1,4,1,17,200,pharmaceutical
464,464,14,20,0,23,180,financial
465,465,6,11,5,9,86,financial
466,466,9,14,5,25,44,financial
467,467,19,25,7,16,72,software
468,468,2,4,0,13,209,education
469,469,2,29,9,19,205,realestate
470,470,13,26,8,17,124,software
471,471,9,5,0,17,65,retail
472,472,4,9,6,1,156,retail
473,473,0,7,8,2,123,education
474,474,5,6,8,11,125,realestate
475,475,3,12,5,6,210,retail
476,476,5,24,8,1,104,software
477,477,1,12,3,0,157,pharmaceutical
478,478,8,29,3,13,161,realestate
479,479,13,14,0,6,116,software
480,480,11,4,8,22,130,realestate
481,481,17,28,1,21,190,retail
482,482,3,25,4,12,217,realestate
483,483,7,15,8,18,154,education
484,484,2,5,4,0,202,retail
485,485,0,14,9,29,123,pharmaceutical
486,486,1,16,2,9,217,software
487,487,16,11,2,22,154,retail
488,488,18,8,8,19,89,realestate
489,489,6,16,4,4,64,software
490,490,16,7,2,18,152,software
491,491,18,8,2,0,61,retail
492,492,14,10,9,17,189,education
493,493,16,0,0,28,150,realestate
494,494,3,18,1,15,204,software
495,495,5,16,5,22,135,financial
496,496,13,29,3,3,146,education
497,497,14,15,4,5,179,financial
498,498,1,24,1,0,175,software
499,499,11,19,3,25,126,realestate
500,500,10,3,2,2,107,education
501,501,17,0,7,26,205,realestate
502,502,1,12,2,29,206,education
503,503,8,23,1,18,159,software
504,504,6,25,9,19,41,retail
505,505,14,27,2,8,188,financial
506,506,6,7,9,11,57,retail
507,507,19,16,6,16,85,realestate
508,508,1,5,8,16,181,education
509,509,1,21,9,29,178,software
510,510,19,29,7,8,89,pharmaceutical
511,511,5,29,7,12,140,software
512,512,18,0,4,6,99,pharmaceutical
513,513,18,21,9,21,101,software
514,514,2,13,5,7,206,education
515,515,10,10,0,7,102,realestate
516,516,12,27,0,14,101,pharmaceutical
517,517,6,22,1,26,42,retail
518,518,5,16,6,1,124,retail
519,519,3,10,3,16,199,realestate
520,520,19,5,3,28,97,software
521,521,13,27,2,17,144,retail
522,522,6,28,1,19,47,education
523,523,6,11,5,2,80,financial
524,524,9,22,8,12,97,financial
525,525,7,18,8,8,165,retail
526,526,13,10,7,16,100,financial
527,527,1,0,7,8,192,pharmaceutical
528,528,17,12,8,6,190,retail
529,529,1,8,3,18,206,retail
530,530,5,19,2,23,139,realestate
531,531,18,22,4,23,95,realestate
532,532,1,22,9,28,159,pharmaceutical
533,533,3,6,7,15,174,realestate
534,534,7,8,9,23,143,retail
535,535,11,0,9,18,116,retail
536,536,19,1,0,22,114,realestate
537,537,12,22,9,12,84,retail
538,538,10,8,7,18,146,pharmaceutical
539,539,4,14,8,25,154,education
540,540,3,24,3,16,165,financial
541,541,5,22,9,3,124,retail
542,542,13,0,3,24,89,realestate
543,543,14,26,4,17,181,retail
544,544,0,12,8,5,121,software
545,545,11,19,7,26,95,pharmaceutical
546,546,19,0,6,0,106,pharmaceutical
547,547,14,3,1,13,182,financial
548,548,1,2,7,25,208,financial
549,549,4,6,7,1,179,pharmaceutical
550,550,2,0,5,22,206,pharmaceutical
551,551,11,6,0,21,126,retail
552,552,5,2,2,19,129,education
553,553,2,26,0,4,205,realestate
554,554,18,23,0,21,61,software
555,555,0,7,8,18,119,realestate
556,556,18,16,1,16,71,pharmaceutical
557,557,8,19,1,28,161,retail
558,558,4,10,8,12,190,education
559,559,0,5,5,21,122,retail
560,560,10,18,7,18,158,pharmaceutical
561,561,13,10,5,12,145,software
562,562,16,19,9,19,162,financial
563,563,12,12,2,12,84,pharmaceutical
564,564,4,5,5,29,134,financial
565,565,11,23,5,3,140,software
566,566,8,13,7,5,110,retail
567,567,18,10,8,3,59,financial
568,568,10,29,2,1,145,software
569,569,9,22,6,21,62,retail
570,570,8,13,9,24,122,retail
571,571,1,26,9,12,215,education
572,572,9,16,3,13,60,education
573,573,5,29,9,20,103,financial
574,574,1,17,8,1,160,education
575,575,11,21,8,23,97,financial
576,576,2,8,2,19,219,education
577,577,16,22,5,24,156,education
578,578,14,10,8,15,195,education
579,579,16,24,6,25,150,education
580,580,12,26,5,5,105,software
581,581,3,13,8,5,202,software
582,582,19,14,5,6,86,retail
583,583,17,27,1,13,194,education
584,584,2,12,7,13,216,education
585,585,4,18,2,12,162,pharmaceutical
586,586,2,1,8,10,200,software
587,587,5,25,5,29,127,retail
588,588,14,16,8,16,185,pharmaceutical
589,589,15,25,4,19,189,realestate
590,590,11,3,7,0,137,pharmaceutical
591,591,17,2,0,9,199,retail
592,592,17,16,2,0,205,financial
593,593,12,11,4,17,84,education
594,594,15,22,9,24,189,education
595,595,18,8,3,27,54,pharmaceutical
596,596,11,17,0,21,126,software
597,597,14,27,9,26,195,software
598,598,18,19,3,27,93,realestate
599,599,5,20,1,4,112,retail
600,600,11,21,7,10,124,realestate
601,601,5,22,8,17,104,software
602,602,14,16,5,21,178,education
603,603,6,27,2,4,45,pharmaceutical
604,604,4,29,5,16,164,education
605,605,0,5,5,17,123,software
606,606,5,21,9,26,139,pharmaceutical
607,607,2,22,3,3,209,financial
608,608,15,11,3,5,211,realestate
609,609,6,13,2,17,75,retail
610,610,6,27,6,21,82,pharmaceutical
611,611,3,19,1,16,197,software
612,612,16,5,7,8,146,software
613,613,7,22,0,23,161,software
614,614,19,16,7,14,100,retail
615,615,6,15,1,17,58,software
616,616,8,20,9,28,204,financial
617,617,3,3,9,0,165,realestate
618,618,11,14,7,7,94,retail
619,619,4,13,3,9,142,software
620,620,13,3,7,27,105,retail
621,621,16,12,5,17,151,retail
622,622,8,28,7,7,112,realestate
623,623,6,19,8,23,55,realestate
624,624,17,10,8,14,200,software
625,625,1,27,3,13,165,realestate
626,626,10,17,0,22,95,software
627,627,3,23,1,26,179,financial
628,628,9,0,4,22,50,software
629,629,19,9,1,15,91,financial
630,630,18,21,5,6,102,realestate
631,631,8,4,6,3,197,education
632,632,3,3,7,2,173,software
633,633,8,22,9,25,151,retail
634,634,12,14,9,11,85,retail
635,635,8,8,8,2,133,pharmaceutical
636,636,11,19,4,10,135,education
637,637,11,9,0,24,98,pharmaceutical
638,638,8,16,0,26,140,pharmaceutical
639,639,13,17,9,29,142,realestate
640,640,3,24,0,2,201,software
641,641,7,10,9,17,162,software
642,642,8,18,7,28,126,retail
643,643,19,3,1,12,102,retail
644,644,10,0,7,14,133,realestate
645,645,3,16,8,5,200,retail
646,646,12,22,6,9,78,software
647,647,8,3,2,1,133,software
648,648,6,23,5,15,85,education
649,649,7,20,6,13,140,realestate
650,650,4,25,7,22,149,software
651,651,2,21,0,5,215,financial
652,652,18,24,8,17,56,realestate
653,653,10,25,4,24,111,education
654,654,14,28,7,3,199,retail
655,655,9,14,7,12,87,retail
656,656,7,9,9,0,158,retail
657,657,16,29,4,25,156,education
658,658,12,0,8,13,100,financial
659,659,8,27,0,19,153,education
660,660,16,2,3,17,158,realestate
661,661,12,1,2,6,80,pharmaceutical
662,662,8,24,7,29,178,pharmaceutical
663,663,18,3,7,13,53,education
664,664,13,27,1,0,132,education
665,665,14,4,4,8,181,pharmaceutical
666,666,4,9,7,22,156,financial
667,667,14,21,1,16,199,retail
668,668,16,8,7,6,161,pharmaceutical
669,669,1,12,5,3,183,education
670,670,5,15,4,28,112,realestate
671,671,17,7,8,15,201,software
672,672,11,9,6,11,96,retail
673,673,9,2,6,4,64,software
674,674,7,5,4,25,131,education
675,675,9,0,3,16,80,realestate
676,676,18,7,0,29,73,software
677,677,0,28,0,29,122,retail
678,678,8,28,4,27,127,realestate
679,679,12,23,4,8,79,realestate
680,680,5,27,4,29,126,retail
681,681,12,2,4,24,108,realestate
682,682,2,6,0,5,205,realestate
683,683,10,8,8,27,155,pharmaceutical
684,684,11,13,3,15,136,education
685,685,10,27,5,15,133,education
686,686,5,16,1,7,124,pharmaceutical
687,687,11,25,6,10,131,realestate
688,688,9,26,9,23,98,software
689,689,6,11,9,22,60,software
690,690,17,8,2,29,205,education
691,691,0,19,2,13,120,software
692,692,14,14,7,8,180,realestate
693,693,18,0,8,19,87,education
694,694,8,13,3,8,175,software
695,695,17,0,4,21,187,software
696,696,13,17,8,24,129,retail
697,697,3,17,3,18,211,retail
698,698,15,17,8,28,220,retail
699,699,5,12,5,5,100,education
700,700,17,15,9,1,201,retail
701,701,3,8,9,25,203,realestate
702,702,18,1,1,17,53,education
703,703,6,28,7,6,57,financial
704,704,9,5,9,19,77,realestate
705,705,19,1,8,15,85,retail
706,706,16,23,2,12,148,realestate
707,707,17,17,3,16,192,financial
708,708,19,29,6,24,95,pharmaceutical
709,709,10,21,3,20,156,realestate
710,710,17,13,1,25,195,education
711,711,10,19,6,9,145,retail
712,712,11,25,9,13,117,software
713,713,15,23,0,10,217,software
714,714,8,15,0,15,189,software
715,715,8,29,6,8,135,software
716,716,2,23,8,2,211,software
717,717,7,5,4,24,129,software
718,718,5,20,9,28,100,software
719,719,8,8,3,16,131,pharmaceutical
720,720,9,29,7,3,97,software
721,721,13,13,0,10,127,financial
722,722,15,2,0,5,186,retail
723,723,16,9,3,4,157,software
724,724,16,0,9,16,160,financial
725,725,4,4,1,13,191,realestate
726,726,2,11,7,16,216,realestate
727,727,19,19,8,11,109,realestate
728,728,11,18,4,8,120,retail
729,729,12,17,6,9,81,education
730,730,15,23,3,24,181,realestate
731,731,8,26,1,17,174,education
732,732,15,8,6,8,217,retail
733,733,13,16,2,24,143,pharmaceutical
734,734,6,29,5,25,74,financial
735,735,1,4,8,20,178,realestate
736,736,19,15,6,28,98,realestate
737,737,13,13,0,4,132,education
738,738,7,15,4,7,166,realestate
739,739,1,5,4,1,219,realestate
740,740,11,2,3,25,115,pharmaceutical
741,741,16,16,0,4,161,software
742,742,14,15,0,7,196,retail
743,743,2,2,0,28,201,financial
744,744,14,20,1,13,178,software
745,745,3,15,5,16,173,pharmaceutical
746,746,4,20,7,2,146,pharmaceutical
747,747,9,23,9,15,75,financial
748,748,4,13,9,17,157,education
749,749,14,6,2,1,191,retail
750,750,5,21,8,24,140,education
751,751,0,5,0,18,121,software
752,752,18,15,6,19,74,software
753,753,7,29,6,9,134,education
754,754,3,0,0,20,180,software
755,755,11,27,9,10,140,financial
756,756,2,6,5,26,211,realestate
757,757,0,22,8,23,119,financial
758,758,6,21,1,0,79,pharmaceutical
759,759,18,2,5,9,74,realestate
760,760,0,20,8,27,120,retail
761,761,8,11,8,10,153,education
762,762,8,16,0,16,159,pharmaceutical
763,763,7,12,9,23,139,software
764,764,14,7,4,1,186,software
765,765,2,29,9,12,202,retail
766,766,9,0,0,19,57,retail
767,767,4,14,7,16,189,realestate
768,768,17,19,5,27,192,financial
769,769,7,26,3,0,161,realestate
770,770,7,22,9,19,129,retail
771,771,0,28,1,6,122,pharmaceutical
772,772,0,4,2,7,123,financial
773,773,19,28,9,2,74,software
774,774,7,5,2,8,166,pharmaceutical
775,775,8,18,6,1,178,pharmaceutical
776,776,10,16,9,6,116,pharmaceutical
777,777,7,12,3,20,143,pharmaceutical
778,778,18,10,7,18,77,education
779,779,4,6,4,25,147,retail
780,780,17,4,0,15,188,software
781,781,19,28,3,11,73,education
782,782,11,3,9,6,130,retail
783,783,19,0,2,8,119,realestate
784,784,1,13,0,18,226,education
785,785,14,6,1,15,198,education
786,786,3,14,3,24,184,realestate
787,787,1,17,5,10,182,education
788,788,3,20,2,14,165,retail
789,789,15,26,7,23,190,software
790,790,17,24,6,20,194,realestate
791,791,12,29,5,9,109,education
792,792,11,15,8,23,136,financial
793,793,19,29,4,24,85,retail
794,794,13,28,3,18,102,realestate
795,795,7,20,5,17,135,retail
796,796,10,3,1,9,123,software
797,797,0,28,4,11,121,education
798,798,15,7,0,28,210,retail
799,799,19,1,1,15,91,realestate
800,800,1,3,7,22,157,financial
801,801,9,5,6,26,63,realestate
802,802,16,5,1,7,150,pharmaceutical
803,803,19,6,9,15,98,pharmaceutical
804,804,11,14,1,14,141,pharmaceutical
805,805,7,18,7,24,136,pharmaceutical
806,806,19,28,6,3,77,software
807,807,3,1,1,10,184,retail
808,808,17,29,4,2,203,realestate
809,809,13,19,3,29,127,pharmaceutical
810,810,3,21,1,28,193,realestate
811,811,13,18,8,7,116,financial
812,812,16,20,1,23,162,retail
813,813,13,14,2,21,89,software
814,814,10,22,2,29,156,financial
815,815,1,12,7,28,208,pharmaceutical
816,816,9,5,1,22,84,financial
817,817,16,24,1,22,156,financial
818,818,7,25,4,11,143,financial
819,819,19,9,9,23,73,education
820,820,1,22,8,21,167,financial
821,821,4,9,9,21,188,education
822,822,17,26,9,25,204,software
823,823,10,21,7,27,130,retail
824,824,16,16,6,26,152,realestate
825,825,17,5,8,13,202,software
826,826,15,14,9,21,198,financial
827,827,7,1,4,2,154,retail
828,828,18,6,6,5,93,realestate
829,829,16,3,5,21,152,retail
830,830,16,22,7,20,152,pharmaceutical
831,831,0,23,2,25,119,education
832,832,13,2,6,26,108,realestate
833,833,4,20,3,8,186,education
834,834,3,20,9,12,170,education
835,835,8,2,8,3,202,retail
836,836,0,10,1,24,120,software
837,837,19,25,7,22,93,realestate
838,838,0,25,8,17,121,realestate
839,839,5,27,3,19,125,education
840,840,1,16,7,21,203,education
841,841,9,1,2,2,105,realestate
842,842,19,16,5,18,109,pharmaceutical
843,843,5,22,7,8,110,retail
844,844,14,9,5,29,198,financial
845,845,5,14,6,3,102,pharmaceutical
846,846,6,4,6,21,84,software
847,847,14,13,5,20,194,software
848,848,18,16,2,21,90,education
849,849,0,7,3,6,120,education
850,850,6,13,1,17,38,retail
851,851,0,21,9,21,119,pharmaceutical
852,852,6,15,6,1,49,retail
853,853,16,16,7,8,149,pharmaceutical
854,854,7,24,0,20,160,financial
855,855,0,10,1,5,123,realestate
856,856,19,16,7,4,119,realestate
857,857,10,11,2,28,94,financial
858,858,17,20,0,3,190,retail
859,859,12,11,3,26,84,education
860,860,11,22,0,9,132,realestate
861,861,5,20,4,16,127,software
862,862,16,28,6,17,155,retail
863,863,6,26,6,6,70,realestate
864,864,4,8,9,1,164,software
865,865,2,4,9,29,203,realestate
866,866,7,18,0,19,161,pharmaceutical
867,867,6,5,6,28,70,education
868,868,2,26,7,19,206,financial
869,869,4,28,9,11,144,education
870,870,1,3,6,14,185,realestate
871,871,17,28,0,28,183,software
872,872,1,7,0,25,186,software
873,873,5,21,3,19,124,pharmaceutical
874,874,5,22,9,22,132,software
875,875,11,15,3,9,123,realestate
876,876,3,11,8,24,204,education
877,877,3,23,2,25,178,financial
878,878,7,23,5,11,142,software
879,879,5,23,2,2,112,financial
880,880,16,11,5,14,148,financial
881,881,11,3,4,20,108,education
882,882,13,6,6,18,140,software
883,883,4,18,6,22,135,retail
884,884,15,24,0,0,188,pharmaceutical
885,885,7,26,1,10,162,financial
886,886,0,17,9,8,122,realestate
887,887,6,10,1,17,80,software
888,888,5,26,2,9,137,pharmaceutical
889,889,2,7,1,19,201,financial
890,890,4,20,6,6,138,financial
891,891,13,1,4,4,138,realestate
892,892,9,16,1,27,68,realestate
893,893,13,22,1,27,102,pharmaceutical
894,894,11,20,8,4,120,realestate
895,895,16,26,2,22,147,education
896,896,15,29,3,26,191,software
897,897,5,17,6,11,116,financial
898,898,17,9,1,19,191,education
899,899,14,5,7,16,184,realestate
900,900,10,24,9,29,102,retail
901,901,10,3,9,8,120,financial
902,902,2,22,3,25,213,education
903,903,10,24,3,11,93,realestate
904,904,14,28,9,22,195,education
905,905,18,20,9,8,83,software
906,906,5,0,4,4,96,software
907,907,4,17,7,8,188,realestate
908,908,3,17,1,27,206,retail
909,909,6,10,4,12,61,education
910,910,9,4,0,20,89,retail
911,911,12,11,5,3,103,education
912,912,4,20,6,27,192,pharmaceutical
913,913,7,24,0,13,163,financial
914,914,7,10,8,5,144,software
915,915,12,13,3,7,90,pharmaceutical
916,916,3,25,2,24,197,pharmaceutical
917,917,1,10,7,1,228,financial
918,918,6,14,2,12,79,realestate
919,919,4,19,8,11,175,pharmaceutical
920,920,17,8,2,1,198,pharmaceutical
921,921,14,11,3,14,190,education
922,922,3,8,9,27,199,software
923,923,18,0,0,8,102,financial
924,924,0,8,2,20,121,retail
925,925,16,10,8,12,159,financial
926,926,9,6,9,9,93,financial
927,927,4,24,4,14,180,financial
928,928,5,4,9,4,128,realestate
929,929,12,1,4,12,92,pharmaceutical
930,930,9,11,3,1,66,financial
931,931,3,7,4,22,181,realestate
932,932,12,9,4,10,97,realestate
933,933,8,27,1,15,136,retail
934,934,19,23,1,17,86,pharmaceutical
935,935,1,17,6,27,222,realestate
936,936,14,23,1,18,186,pharmaceutical
937,937,13,6,0,27,117,retail
938,938,12,19,0,23,80,retail
939,939,15,4,0,28,183,retail
940,940,18,2,4,16,83,pharmaceutical
941,941,7,12,5,26,140,pharmaceutical
942,942,16,15,2,27,152,software
943,943,9,12,9,28,69,realestate
944,944,13,24,8,0,89,software
945,945,17,1,5,19,189,education
946,946,17,5,5,28,198,pharmaceutical
947,947,16,11,4,6,151,retail
948,948,16,2,4,23,160,pharmaceutical
949,949,1,29,2,24,174,financial
950,950,19,22,3,10,88,software
951,951,2,15,4,13,201,realestate
952,952,8,11,5,17,167,education
953,953,8,10,2,1,153,software
954,954,11,3,7,4,141,retail
955,955,8,12,9,13,150,retail
956,956,12,2,7,0,97,software
957,957,0,5,2,3,121,software
958,958,14,23,3,24,179,financial
959,959,4,25,4,17,178,realestate
960,960,2,24,8,29,205,pharmaceutical
961,961,15,9,9,26,203,software
962,962,2,20,3,6,216,software
963,963,14,10,1,3,192,retail
964,964,4,25,5,1,144,pharmaceutical
965,965,3,28,7,20,199,financial
966,966,4,23,7,18,172,education
967,967,19,29,5,25,119,software
968,968,15,18,8,28,215,realestate
969,969,9,29,3,10,82,realestate
970,970,18,13,7,4,99,retail
971,971,13,4,3,15,110,education
972,972,15,7,4,23,214,financial
973,973,2,13,5,9,219,software
974,974,0,12,5,7,121,retail
975,975,6,16,7,8,53,software
976,976,3,16,3,17,217,software
977,977,2,24,5,10,205,retail
978,978,15,9,7,5,199,pharmaceutical
979,979,14,6,6,23,194,pharmaceutical
980,980,0,1,5,4,120,financial
981,981,7,8,0,8,148,financial
982,982,13,3,8,18,112,pharmaceutical
983,983,12,4,9,14,90,pharmaceutical
984,984,12,12,3,17,81,retail
985,985,10,18,9,11,131,software
986,986,3,29,8,17,170,financial
987,987,10,24,4,14,113,education
988,988,12,13,8,28,101,software
989,989,19,8,7,4,114,education
990,990,10,29,8,13,143,retail
991,991,10,3,7,28,149,software
992,992,6,19,5,19,83,retail
993,993,2,21,3,21,202,software
994,994,9,3,0,29,74,retail
995,995,14,24,4,22,195,retail
996,996,2,24,8,17,212,financial
997,997,10,24,6,28,159,pharmaceutical
998,998,1,19,2,7,187,financial
999,999,10,8,8,1,155,education
1000,1000,5,1,2,24,133,financial
1001,1001,14,11,1,13,199,pharmaceutical
1002,1002,18,11,9,24,53,financial
1003,1003,5,27,7,6,129,pharmaceutical
1004,1004,16,26,5,29,152,pharmaceutical
1005,1005,6,20,1,6,59,education
1006,1006,5,17,3,26,100,pharmaceutical
1007,1007,9,5,1,18,102,pharmaceutical
1008,1008,14,2,4,14,179,software
1009,1009,13,8,1,27,93,pharmaceutical
1010,1010,11,28,5,9,113,realestate
1011,1011,12,8,0,29,83,financial
1012,1012,8,6,0,5,183,education
1013,1013,17,26,9,25,184,software
1014,1014,17,8,0,9,190,realestate
1015,1015,13,17,6,25,91,pharmaceutical
1016,1016,7,19,8,27,128,education
1017,1017,11,16,4,13,115,pharmaceutical
1018,1018,0,28,4,29,122,realestate
1019,1019,1,18,6,8,182,realestate
1020,1020,5,25,1,17,139,retail
1021,1021,9,11,9,16,87,pharmaceutical
1022,1022,1,4,2,0,184,software
1023,1023,8,22,9,28,140,pharmaceutical
1024,1024,18,0,5,28,93,retail
1025,1025,14,26,1,7,184,retail
1026,1026,17,12,3,27,200,financial
1027,1027,7,9,0,16,136,pharmaceutical
1028,1028,13,11,7,26,115,pharmaceutical
1029,1029,19,2,8,17,107,education
1030,1030,2,8,2,7,215,realestate
1031,1031,7,0,9,6,149,education
1032,1032,2,22,2,12,210,realestate
1033,1033,8,7,7,27,135,realestate
1034,1034,9,5,6,1,77,pharmaceutical
1035,1035,19,7,2,15,99,pharmaceutical
1036,1036,7,8,3,26,160,education
1037,1037,12,20,4,18,84,pharmaceutical
1038,1038,19,5,1,12,108,pharmaceutical
1039,1039,15,23,0,12,188,pharmaceutical
1040,1040,7,11,1,3,146,realestate
1041,1041,2,23,4,25,219,software
1042,1042,12,1,6,0,83,pharmaceutical
1043,1043,18,5,7,20,65,software
1044,1044,0,12,8,17,121,pharmaceutical
1045,1045,9,4,9,17,44,education
1046,1046,12,16,9,26,88,education
1047,1047,7,28,1,0,161,software
1048,1048,12,7,6,27,100,retail
1049,1049,3,6,2,14,188,retail
1050,1050,18,12,3,16,81,retail
1051,1051,8,16,1,16,198,financial
1052,1052,19,14,0,1,79,realestate
1053,1053,0,8,5,24,119,retail
1054,1054,15,27,5,23,218,pharmaceutical
1055,1055,7,25,6,21,156,realestate
1056,1056,17,1,1,8,185,retail
1057,1057,1,1,1,7,186,education
1058,1058,19,26,1,5,105,software
1059,1059,2,20,8,0,200,retail
1060,1060,3,2,6,18,199,realestate
1061,1061,12,14,5,27,85,software
1062,1062,19,18,6,6,100,financial
1063,1063,14,1,9,3,179,financial
1064,1064,4,3,4,15,178,financial
1065,1065,19,16,4,12,76,education
1066,1066,2,3,0,14,214,retail
1067,1067,4,1,5,3,158,education
1068,1068,4,18,8,21,164,software
1069,1069,0,28,6,11,123,pharmaceutical
1070,1070,11,2,6,26,107,software
1071,1071,0,17,9,10,123,retail
1072,1072,9,16,9,1,103,financial
1073,1073,9,20,8,1,88,education
1074,1074,4,0,0,18,132,pharmaceutical
1075,1075,7,10,7,23,137,pharmaceutical
1076,1076,12,19,4,15,109,software
1077,1077,7,21,8,5,156,education
1078,1078,13,14,2,28,101,pharmaceutical
1079,1079,16,7,8,12,161,financial
1080,1080,0,1,4,29,120,education
1081,1081,19,28,5,5,91,pharmaceutical
1082,1082,8,5,3,4,123,education
1083,1083,19,1,2,15,98,software
1084,1084,9,24,5,1,52,education
1085,1085,10,10,4,22,123,retail
1086,1086,4,21,2,16,191,retail
1087,1087,15,27,8,23,211,realestate
1088,1088,7,1,6,0,119,education
1089,1089,1,18,0,14,177,pharmaceutical
1090,1090,2,0,8,8,215,software
1091,1091,14,24,4,5,181,pharmaceutical
1092,1092,13,27,1,0,114,retail
1093,1093,1,24,1,9,196,education
1094,1094,4,6,9,17,151,software
1095,1095,15,0,5,18,191,financial
1096,1096,18,2,5,14,76,retail
1097,1097,15,8,7,11,220,financial
1098,1098,9,20,2,2,49,software
1099,1099,15,26,9,18,191,pharmaceutical
1100,1100,1,16,2,17,199,financial
1101,1101,13,16,2,23,98,realestate
1102,1102,11,5,0,15,108,pharmaceutical
1103,1103,4,18,6,18,192,pharmaceutical
1104,1104,8,1,2,14,156,retail
1105,1105,6,5,7,13,53,retail
1106,1106,3,11,9,14,188,software
1107,1107,7,8,3,8,126,realestate
1108,1108,3,27,0,16,205,realestate
1109,1109,5,2,8,7,106,retail
1110,1110,15,21,4,16,214,education
1111,1111,14,5,9,9,194,realestate
1112,1112,13,16,1,6,115,education
1113,1113,5,13,0,12,128,realestate
1114,1114,10,2,4,16,97,financial
1115,1115,7,22,8,26,122,financial
1116,1116,13,20,6,22,143,retail
1117,1117,19,12,4,11,75,pharmaceutical
1118,1118,1,28,6,19,228,retail
1119,1119,16,12,6,4,149,retail
1120,1120,12,13,5,10,92,education
1121,1121,1,14,1,11,163,education
1122,1122,19,25,1,23,108,financial
1123,1123,8,13,1,10,177,education
1124,1124,18,13,9,24,94,realestate
1125,1125,11,5,1,8,124,retail
1126,1126,9,13,5,13,79,pharmaceutical
1127,1127,2,11,3,4,205,education
1128,1128,0,29,2,17,121,software
1129,1129,5,20,5,5,128,software
1130,1130,4,8,4,11,159,realestate
1131,1131,12,21,0,23,82,retail
1132,1132,0,28,3,22,119,software
1133,1133,12,14,7,11,101,financial
1134,1134,16,21,4,2,151,retail
1135,1135,19,2,5,2,118,pharmaceutical
1136,1136,1,15,3,20,186,realestate
1137,1137,14,2,2,29,191,retail
1138,1138,18,25,0,23,62,retail
1139,1139,11,20,2,28,135,pharmaceutical
1140,1140,2,23,6,9,202,pharmaceutical
1141,1141,17,29,7,27,190,education
1142,1142,4,5,5,6,174,software
1143,1143,19,9,9,15,93,realestate
1144,1144,18,24,4,18,98,software
1145,1145,7,19,6,4,137,financial
1146,1146,5,6,4,20,95,financial
1147,1147,3,17,2,26,173,software
1148,1148,17,10,7,3,188,education
1149,1149,9,17,6,17,63,retail
1150,1150,16,20,7,18,151,financial
1151,1151,14,0,1,5,186,retail
1152,1152,13,23,9,28,107,financial
1153,1153,17,22,9,8,194,financial
1154,1154,9,16,8,28,93,realestate
1155,1155,15,12,2,18,216,realestate
1156,1156,13,26,3,23,134,realestate
1157,1157,18,28,5,2,90,retail
1158,1158,18,2,2,16,68,education
1159,1159,10,18,3,7,136,education
1160,1160,15,22,2,27,216,software
1161,1161,8,28,6,16,117,retail
1162,1162,1,0,0,13,164,financial
1163,1163,4,12,7,28,159,realestate
1164,1164,10,24,1,9,114,retail
1165,1165,9,9,3,5,66,pharmaceutical
1166,1166,2,21,8,8,215,education
1167,1167,17,21,2,3,202,realestate
1168,1168,7,29,5,1,128,software
1169,1169,7,21,1,6,154,retail
1170,1170,17,24,2,14,185,retail
1171,1171,14,14,8,1,196,retail
1172,1172,9,17,2,28,52,financial
1173,1173,0,27,0,23,120,realestate
1174,1174,6,9,2,5,44,financial
1175,1175,0,29,5,25,119,software
1176,1176,12,29,0,9,107,financial
1177,1177,4,5,7,3,139,financial
1178,1178,13,9,8,16,128,education
1179,1179,0,23,8,14,122,pharmaceutical
1180,1180,18,6,0,25,89,retail
1181,1181,2,5,0,20,218,software
1182,1182,6,15,5,27,50,pharmaceutical
1183,1183,5,1,8,6,93,software
1184,1184,13,2,6,14,130,realestate
1185,1185,1,4,3,23,204,financial
1186,1186,17,7,1,19,193,retail
1187,1187,7,2,6,28,165,pharmaceutical
1188,1188,13,26,3,22,114,software
1189,1189,6,22,5,1,51,financial
1190,1190,11,12,7,15,134,pharmaceutical
1191,1191,17,28,3,21,190,retail
1192,1192,18,12,0,6,98,retail
1193,1193,7,6,8,23,156,software
1194,1194,4,13,9,22,153,software
1195,1195,3,7,5,10,202,realestate
1196,1196,7,6,6,22,150,financial
1197,1197,3,2,4,0,191,realestate
1198,1198,14,14,7,29,194,education
1199,1199,10,10,9,13,117,retail
1200,1200,14,4,9,1,189,realestate
1201,1201,11,12,4,7,134,software
1202,1202,7,7,1,21,123,retail
1203,1203,1,22,6,2,164,software
1204,1204,12,5,3,26,104,realestate
1205,1205,13,4,9,7,121,retail
1206,1206,19,24,6,2,110,education
1207,1207,13,15,0,29,88,realestate
1208,1208,12,14,0,5,102,software
1209,1209,0,14,2,16,121,software
1210,1210,1,12,6,16,199,education
1211,1211,13,3,9,0,110,financial
1212,1212,16,29,7,1,159,software
1213,1213,18,15,7,19,77,education
1214,1214,7,16,4,22,134,financial
1215,1215,16,16,5,8,162,realestate
1216,1216,8,7,7,3,152,retail
1217,1217,2,24,3,12,211,pharmaceutical
1218,1218,14,29,1,7,192,software
1219,1219,17,3,2,25,203,education
1220,1220,19,4,2,27,95,education
1221,1221,6,0,3,18,63,realestate
1222,1222,12,11,9,19,83,financial
1223,1223,1,26,5,22,156,pharmaceutical
1224,1224,17,29,1,3,201,education
1225,1225,8,18,1,16,136,software
1226,1226,10,13,5,14,119,education
1227,1227,8,6,6,22,118,pharmaceutical
1228,1228,7,23,4,25,136,education
1229,1229,3,11,4,22,181,financial
1230,1230,6,22,6,23,59,realestate
1231,1231,17,21,9,7,190,education
1232,1232,2,2,2,17,201,financial
1233,1233,5,11,3,18,92,financial
1234,1234,0,14,9,11,123,education
1235,1235,19,0,3,0,98,retail
1236,1236,2,6,2,28,209,retail
1237,1237,13,9,8,0,109,education
1238,1238,6,23,5,23,78,education
1239,1239,6,27,8,18,61,education
1240,1240,3,4,6,28,184,retail
1241,1241,19,10,2,24,78,realestate
1242,1242,13,18,4,5,88,financial
1243,1243,19,25,8,23,118,education
1244,1244,2,13,6,24,219,education
1245,1245,19,25,7,29,93,education
1246,1246,12,22,6,3,101,software
1247,1247,17,0,9,5,203,financial
1248,1248,3,27,2,11,212,retail
1249,1249,2,26,0,2,215,software
1250,1250,1,2,7,8,235,financial
1251,1251,12,17,2,5,96,retail
1252,1252,15,6,5,11,179,education
1253,1253,15,7,9,5,216,software
1254,1254,6,16,8,21,80,realestate
1255,1255,8,0,6,28,208,pharmaceutical
1256,1256,13,27,8,4,104,pharmaceutical
1257,1257,15,14,0,9,191,financial
1258,1258,6,16,8,10,73,realestate
1259,1259,11,12,7,29,141,financial
1260,1260,1,15,1,16,225,education
1261,1261,17,8,7,23,202,software
1262,1262,19,6,7,15,96,pharmaceutical
1263,1263,8,4,0,15,156,software
1264,1264,0,18,9,7,120,financial
1265,1265,5,28,9,2,96,realestate
1266,1266,14,3,2,14,193,education
1267,1267,8,18,6,24,134,education
1268,1268,4,23,1,1,155,financial
1269,1269,3,16,3,9,213,education
1270,1270,7,7,1,26,135,software
1271,1271,3,2,0,12,208,education
1272,1272,12,16,5,23,94,realestate
1273,1273,17,25,0,19,197,software
1274,1274,2,1,7,27,215,pharmaceutical
1275,1275,5,0,7,11,139,education
1276,1276,14,28,1,14,197,realestate
1277,1277,3,0,1,2,202,education
1278,1278,19,5,5,24,110,financial
1279,1279,10,19,5,16,97,realestate
1280,1280,13,11,4,9,136,financial
1281,1281,7,8,9,28,140,software
1282,1282,17,26,3,14,199,financial
1283,1283,13,19,1,19,111,realestate
1284,1284,1,2,6,6,187,realestate
1285,1285,16,20,3,22,149,education
1286,1286,7,26,3,11,134,retail
1287,1287,16,18,5,3,161,retail
1288,1288,5,21,2,2,103,education
1289,1289,2,20,9,26,202,education
1290,1290,13,15,9,15,107,software
1291,1291,0,16,7,6,119,software
1292,1292,3,9,1,9,186,realestate
1293,1293,4,4,6,20,145,realestate
1294,1294,2,8,4,27,217,education
1295,1295,5,27,9,2,97,financial
1296,1296,11,29,5,13,134,pharmaceutical
1297,1297,11,25,2,23,120,retail
1298,1298,2,14,7,7,218,software
1299,1299,5,18,7,21,133,retail
1300,1300,2,11,7,22,204,education
1301,1301,17,12,8,1,188,pharmaceutical
1302,1302,17,15,5,0,197,pharmaceutical
1303,1303,16,1,5,7,151,software
1304,1304,12,23,4,10,87,education
1305,1305,14,5,1,0,197,retail
1306,1306,8,6,0,14,136,financial
1307,1307,11,12,5,27,107,pharmaceutical
1308,1308,6,17,6,18,64,realestate
1309,1309,10,18,6,6,135,education
1310,1310,14,9,6,27,182,software
1311,1311,13,21,3,15,104,realestate
1312,1312,6,25,5,4,53,financial
1313,1313,16,28,8,21,146,education
1314,1314,3,16,3,4,189,retail
1315,1315,15,26,3,5,199,financial
1316,1316,8,4,2,10,204,software
1317,1317,14,4,9,14,195,software
1318,1318,12,0,8,0,81,education
1319,1319,2,15,3,1,204,financial
1320,1320,13,20,4,12,135,pharmaceutical
1321,1321,14,0,3,7,182,realestate
1322,1322,14,16,1,19,180,pharmaceutical
1323,1323,4,17,6,6,153,software
1324,1324,11,19,3,19,109,realestate
1325,1325,5,26,1,26,112,retail
1326,1326,5,6,8,7,140,financial
1327,1327,6,10,4,10,80,pharmaceutical
1328,1328,11,21,3,29,125,pharmaceutical
1329,1329,12,4,9,29,94,financial
1330,1330,11,22,9,26,94,software
1331,1331,9,21,6,20,102,software
1332,1332,0,22,2,9,122,pharmaceutical
1333,1333,17,20,6,11,193,education
1334,1334,2,23,4,3,204,retail
1335,1335,9,14,3,1,60,financial
1336,1336,18,27,4,25,51,software
1337,1337,3,28,2,15,187,education
1338,1338,10,18,5,13,154,financial
1339,1339,18,2,9,17,59,realestate
1340,1340,3,8,5,23,176,financial
1341,1341,1,28,2,0,181,pharmaceutical
1342,1342,11,21,5,9,91,software
1343,1343,16,27,3,14,149,software
1344,1344,10,29,2,15,155,pharmaceutical
1345,1345,5,16,6,24,107,realestate
1346,1346,11,22,2,25,114,software
1347,1347,18,0,7,26,102,pharmaceutical
1348,1348,17,29,3,11,197,pharmaceutical
1349,1349,5,0,2,16,117,software
1350,1350,9,21,9,21,82,software
1351,1351,19,5,0,4,95,software
1352,1352,9,10,7,12,62,software
1353,1353,4,8,5,26,157,realestate
1354,1354,10,19,0,11,97,realestate
1355,1355,15,5,5,8,209,financial
1356,1356,9,23,2,22,80,realestate
1357,1357,4,15,0,29,178,pharmaceutical
1358,1358,2,20,4,13,205,realestate
1359,1359,17,17,7,7,188,realestate
1360,1360,9,15,8,9,98,financial
1361,1361,14,2,1,6,182,pharmaceutical
1362,1362,18,19,4,15,64,financial
1363,1363,13,18,0,4,95,realestate
1364,1364,18,15,6,11,56,financial
1365,1365,3,5,3,11,188,realestate
1366,1366,5,16,6,25,118,education
1367,1367,5,27,8,24,118,education
1368,1368,6,17,7,0,40,realestate
1369,1369,15,24,2,2,187,education
1370,1370,17,29,6,22,203,software
1371,1371,1,29,5,6,216,software
1372,1372,13,21,7,29,138,software
1373,1373,8,29,5,12,136,realestate
1374,1374,11,1,9,22,128,pharmaceutical
1375,1375,12,29,2,15,89,retail
1376,1376,10,22,8,15,95,realestate
1377,1377,2,29,1,20,206,financial
1378,1378,12,21,6,26,84,pharmaceutical
1379,1379,11,24,4,28,114,retail
1380,1380,0,14,9,5,121,retail
1381,1381,16,4,4,6,152,software
1382,1382,11,6,8,26,111,education
1383,1383,13,8,2,10,114,education
1384,1384,6,18,4,28,49,software
1385,1385,15,20,8,12,210,pharmaceutical
1386,1386,17,22,8,22,189,retail
1387,1387,0,2,1,19,120,education
1388,1388,11,26,0,15,139,retail
1389,1389,4,22,5,9,179,software
1390,1390,7,5,8,26,143,education
1391,1391,7,18,3,21,136,pharmaceutical
1392,1392,4,22,8,15,179,education
1393,1393,15,24,3,22,180,financial
1394,1394,5,8,8,15,100,financial
1395,1395,16,17,2,9,153,realestate
1396,1396,11,14,9,9,107,financial
1397,1397,5,20,5,15,119,software
1398,1398,6,3,9,26,78,software
1399,1399,2,9,2,24,206,realestate
1400,1400,0,10,6,25,120,pharmaceutical
1401,1401,1,7,1,23,173,financial
1402,1402,4,27,5,0,148,retail
1403,1403,12,16,6,27,108,retail
1404,1404,11,9,4,23,130,software
1405,1405,11,0,5,6,117,retail
1406,1406,19,2,1,14,71,retail
1407,1407,9,13,3,4,57,financial
1408,1408,5,11,8,16,114,financial
1409,1409,19,6,4,4,112,financial
1410,1410,14,28,1,3,182,financial
1411,1411,5,16,4,6,112,software
1412,1412,5,24,0,29,96,realestate
1413,1413,16,27,5,22,149,realestate
1414,1414,12,7,7,12,82,pharmaceutical
1415,1415,1,17,9,9,234,education
1416,1416,15,23,1,3,199,realestate
1417,1417,7,20,9,24,148,pharmaceutical
1418,1418,10,17,2,9,150,realestate
1419,1419,19,16,8,8,74,pharmaceutical
1420,1420,19,10,6,7,117,software
1421,1421,10,18,1,29,124,realestate
1422,1422,14,5,9,5,185,software
1423,1423,4,14,8,12,165,education
1424,1424,12,12,1,8,89,financial
1425,1425,6,20,5,9,84,software
1426,1426,12,17,5,14,90,pharmaceutical
1427,1427,15,8,1,9,205,retail
1428,1428,17,28,6,14,205,pharmaceutical
1429,1429,0,12,4,12,120,software
1430,1430,13,10,4,26,94,pharmaceutical
1431,1431,6,16,5,0,58,financial
1432,1432,8,28,3,25,141,education
1433,1433,3,13,6,10,216,retail
1434,1434,4,0,7,9,183,retail
1435,1435,12,8,7,27,78,retail
1436,1436,6,10,5,15,67,realestate
1437,1437,1,22,8,19,156,pharmaceutical
1438,1438,9,23,3,24,101,realestate
1439,1439,3,29,5,21,198,education
1440,1440,3,19,9,21,217,financial
1441,1441,12,17,1,21,109,education
1442,1442,2,20,6,13,204,financial
1443,1443,13,29,0,9,133,retail
1444,1444,16,15,0,27,161,financial
1445,1445,17,29,2,13,200,financial
1446,1446,10,25,0,0,117,pharmaceutical
1447,1447,18,23,6,11,54,retail
1448,1448,4,20,1,8,139,retail
1449,1449,12,14,9,7,98,software
1450,1450,1,14,7,6,216,education
1451,1451,4,3,3,7,171,realestate
1452,1452,18,7,6,7,103,retail
1453,1453,5,29,6,19,123,realestate
1454,1454,17,24,2,3,199,retail
1455,1455,0,26,0,16,122,retail
1456,1456,13,20,4,20,90,education
1457,1457,7,13,8,28,120,software
1458,1458,11,26,8,26,133,realestate
1459,1459,16,28,0,11,150,retail
1460,1460,9,27,9,29,60,pharmaceutical
1461,1461,19,26,9,16,93,realestate
1462,1462,10,25,8,15,108,retail
1463,1463,18,22,0,28,58,financial
1464,1464,11,22,3,17,141,realestate
1465,1465,13,20,4,9,132,realestate
1466,1466,12,24,7,23,83,retail
1467,1467,12,10,0,14,99,retail
1468,1468,14,26,6,24,196,retail
1469,1469,15,2,3,0,190,software
1470,1470,7,10,4,23,153,pharmaceutical
1471,1471,2,13,3,0,219,realestate
1472,1472,13,25,2,4,130,software
1473,1473,6,25,8,19,58,software
1474,1474,0,2,8,17,122,financial
1475,1475,2,4,1,28,213,software
1476,1476,0,0,5,20,119,retail
1477,1477,19,19,1,27,90,software
1478,1478,15,5,4,12,187,pharmaceutical
1479,1479,10,20,0,20,105,financial
1480,1480,5,26,4,3,136,pharmaceutical
1481,1481,18,4,4,3,97,realestate
1482,1482,16,8,5,29,153,education
1483,1483,16,23,5,11,147,pharmaceutical
1484,1484,8,25,0,0,172,financial
1485,1485,2,16,7,16,203,retail
1486,1486,18,28,1,6,73,pharmaceutical
1487,1487,11,17,7,13,140,software
1488,1488,16,1,5,23,157,realestate
1489,1489,14,2,4,6,187,pharmaceutical
1490,1490,8,0,8,1,187,pharmaceutical
1491,1491,6,22,5,7,65,pharmaceutical
1492,1492,2,9,1,26,219,education
1493,1493,0,17,8,21,119,software
1494,1494,5,5,8,5,94,education
1495,1495,19,18,8,21,82,pharmaceutical
1496,1496,8,23,3,11,171,education
1497,1497,1,26,7,21,185,pharmaceutical
1498,1498,13,8,1,8,111,realestate
1499,1499,17,11,6,6,196,retail
1500,1500,19,14,6,6,111,education
1501,1501,8,5,6,3,176,pharmaceutical
1502,1502,4,6,0,12,159,pharmaceutical
1503,1503,14,27,2,27,189,pharmaceutical
1504,1504,17,21,8,11,200,realestate
1505,1505,8,8,4,27,174,retail
1506,1506,3,12,5,11,186,retail
1507,1507,4,1,8,20,141,pharmaceutical
1508,1508,6,4,5,13,43,education
1509,1509,17,23,3,25,201,realestate
1510,1510,13,26,2,5,107,software
1511,1511,0,6,6,26,119,software
1512,1512,15,17,3,9,186,software
1513,1513,14,8,5,28,191,realestate
1514,1514,8,25,2,18,120,education
1515,1515,11,1,8,10,108,retail
1516,1516,17,9,3,8,197,financial
1517,1517,5,8,1,14,130,retail
1518,1518,15,19,8,11,192,retail
1519,1519,5,22,8,27,121,pharmaceutical
1520,1520,8,17,4,25,139,pharmaceutical
1521,1521,16,17,7,6,160,software
1522,1522,6,7,3,28,83,retail
1523,1523,10,7,9,19,153,software
1524,1524,7,3,6,8,148,pharmaceutical
1525,1525,12,18,0,20,98,pharmaceutical
1526,1526,10,22,8,28,95,pharmaceutical
1527,1527,3,7,5,25,206,software
1528,1528,4,27,0,29,156,pharmaceutical
1529,1529,5,9,2,9,123,pharmaceutical
1530,1530,3,16,1,0,205,education
1531,1531,6,8,8,14,68,software
1532,1532,9,10,3,9,50,financial
1533,1533,10,8,5,16,156,financial
1534,1534,15,12,1,1,206,software
1535,1535,7,27,7,28,126,retail
1536,1536,1,25,8,2,195,retail
1537,1537,2,4,9,8,206,financial
1538,1538,8,23,3,8,139,software
1539,1539,8,12,7,16,154,realestate
1540,1540,2,15,2,23,213,pharmaceutical
1541,1541,15,22,1,11,216,retail
1542,1542,18,11,1,26,76,realestate
1543,1543,19,14,4,18,104,software
1544,1544,1,19,2,8,235,software
1545,1545,2,2,7,6,215,software
1546,1546,15,27,7,12,210,education
1547,1547,0,13,5,21,122,realestate
1548,1548,1,21,1,22,171,software
1549,1549,14,22,1,15,191,retail
1550,1550,18,26,0,25,80,realestate
1551,1551,1,16,3,10,170,realestate
1552,1552,17,13,1,10,204,financial
1553,1553,3,17,9,16,189,software
1554,1554,15,17,1,17,185,retail
1555,1555,18,1,9,24,59,software
1556,1556,3,25,6,17,195,financial
1557,1557,7,12,6,29,139,education
1558,1558,17,5,2,14,187,education
1559,1559,3,27,5,18,174,education
1560,1560,17,9,5,19,200,financial
1561,1561,11,16,1,15,115,software
1562,1562,1,2,2,10,194,pharmaceutical
1563,1563,8,19,5,23,185,software
1564,1564,11,24,1,20,95,retail
1565,1565,10,14,6,13,137,retail
1566,1566,18,19,1,1,95,realestate
1567,1567,16,21,4,9,160,retail
1568,1568,13,12,1,16,132,software
1569,1569,0,4,8,28,122,education
1570,1570,10,13,0,21,112,education
1571,1571,13,4,7,27,116,pharmaceutical
1572,1572,12,25,8,1,109,education
1573,1573,19,27,5,13,86,pharmaceutical
1574,1574,4,28,1,29,191,realestate
1575,1575,1,14,6,8,216,software
1576,1576,3,7,6,21,217,software
1577,1577,12,5,8,2,94,retail
1578,1578,5,10,2,10,99,software
1579,1579,11,10,7,6,116,education
1580,1580,11,23,3,1,137,financial
1581,1581,4,16,8,6,194,retail
1582,1582,6,11,8,10,49,realestate
1583,1583,9,19,6,20,47,financial
1584,1584,0,8,9,7,121,pharmaceutical
1585,1585,1,4,8,26,208,software
1586,1586,7,12,5,28,143,software
1587,1587,6,16,5,14,46,pharmaceutical
1588,1588,11,3,8,17,118,retail
1589,1589,4,12,1,14,183,software
1590,1590,2,15,9,1,208,pharmaceutical
1591,1591,7,24,0,29,164,software
1592,1592,5,4,8,26,121,financial
1593,1593,5,25,8,23,138,retail
1594,1594,19,10,7,16,107,retail
1595,1595,6,2,9,16,86,financial
1596,1596,14,9,8,1,196,realestate
1597,1597,15,27,2,27,190,software
1598,1598,16,18,4,23,156,pharmaceutical
1599,1599,3,11,3,12,185,education
1600,1600,11,28,8,1,96,realestate
1601,1601,14,22,1,1,184,pharmaceutical
1602,1602,14,2,5,5,178,education
1603,1603,16,16,1,22,149,retail
1604,1604,11,5,5,7,115,financial
1605,1605,3,11,5,20,199,financial
1606,1606,9,26,8,13,61,realestate
1607,1607,12,21,2,29,79,financial
1608,1608,18,3,5,4,102,education
1609,1609,11,11,5,29,136,pharmaceutical
1610,1610,9,20,1,15,48,education
1611,1611,1,25,7,0,212,software
1612,1612,12,6,7,8,85,pharmaceutical
1613,1613,0,12,4,11,121,pharmaceutical
1614,1614,6,23,0,13,57,retail
1615,1615,15,24,4,17,204,retail
1616,1616,19,7,2,10,79,financial
1617,1617,12,26,5,1,92,realestate
1618,1618,15,2,4,0,218,pharmaceutical
1619,1619,9,17,4,28,75,education
1620,1620,7,7,6,2,156,software
1621,1621,12,18,6,11,89,financial
1622,1622,9,26,6,19,49,pharmaceutical
1623,1623,14,29,8,20,193,software
1624,1624,0,2,4,12,123,education
1625,1625,2,21,8,27,203,pharmaceutical
1626,1626,18,7,8,15,84,financial
1627,1627,4,10,7,24,178,pharmaceutical
1628,1628,2,7,6,13,202,realestate
1629,1629,3,18,1,17,201,retail
1630,1630,4,22,0,21,146,pharmaceutical
1631,1631,18,27,1,19,77,education
1632,1632,5,27,6,19,93,pharmaceutical
1633,1633,4,7,3,26,136,education
1634,1634,15,0,1,0,219,retail
1635,1635,16,24,9,0,147,realestate
1636,1636,1,12,7,16,233,education
1637,1637,3,19,8,19,196,retail
1638,1638,3,16,9,21,185,retail
1639,1639,6,25,7,13,66,software
1640,1640,9,21,9,0,48,software
1641,1641,7,19,8,2,133,retail
1642,1642,16,2,5,29,155,retail
1643,1643,13,0,3,25,94,pharmaceutical
1644,1644,8,8,1,24,154,software
1645,1645,17,29,4,15,190,financial
1646,1646,16,23,5,17,158,realestate
1647,1647,5,19,7,14,137,pharmaceutical
1648,1648,0,26,6,17,120,financial
1649,1649,6,5,2,3,63,pharmaceutical
1650,1650,19,25,0,9,100,financial
1651,1651,15,9,7,25,180,software
1652,1652,19,22,1,16,102,software
1653,1653,18,19,9,22,90,pharmaceutical
1654,1654,2,25,3,29,206,education
1655,1655,10,21,4,18,145,realestate
1656,1656,8,4,3,18,149,pharmaceutical
1657,1657,14,16,4,5,182,pharmaceutical
1658,1658,10,21,1,27,124,education
1659,1659,3,15,4,25,172,retail
1660,1660,11,14,9,8,138,pharmaceutical
1661,1661,19,3,5,15,90,retail
1662,1662,12,1,8,0,100,education
1663,1663,3,17,0,7,184,pharmaceutical
1664,1664,7,1,4,26,122,pharmaceutical
1665,1665,7,11,7,14,138,financial
1666,1666,6,7,8,4,86,retail
1667,1667,6,3,4,2,67,realestate
1668,1668,12,2,4,15,88,retail
1669,1669,13,8,0,24,100,software
1670,1670,4,15,6,9,169,financial
1671,1671,5,2,5,5,98,pharmaceutical
1672,1672,8,9,3,8,165,financial
1673,1673,0,9,3,28,120,realestate
1674,1674,9,26,9,9,75,software
1675,1675,3,26,9,8,216,financial
1676,1676,2,27,1,29,210,financial
1677,1677,4,16,0,5,189,software
1678,1678,3,6,6,28,165,software
1679,1679,17,16,7,5,204,realestate
1680,1680,11,4,4,26,121,retail
1681,1681,3,25,8,3,180,realestate
1682,1682,2,17,7,25,208,software
1683,1683,17,26,8,2,187,pharmaceutical
1684,1684,2,23,9,4,203,realestate
1685,1685,11,29,3,3,128,education
1686,1686,17,0,0,7,189,financial
1687,1687,2,26,6,6,206,education
1688,1688,15,25,6,18,199,education
1689,1689,1,21,2,9,222,financial
1690,1690,18,15,0,20,59,pharmaceutical
1691,1691,18,22,4,29,71,education
1692,1692,8,2,5,12,111,pharmaceutical
1693,1693,2,11,4,1,209,education
1694,1694,19,16,3,15,73,pharmaceutical
1695,1695,8,0,5,14,200,pharmaceutical
1696,1696,3,25,7,12,182,financial
1697,1697,10,24,7,6,147,pharmaceutical
1698,1698,6,14,4,10,46,retail
1699,1699,5,29,5,13,136,retail
1700,1700,12,7,8,5,85,retail
1701,1701,3,29,9,9,177,realestate
1702,1702,6,6,0,14,38,pharmaceutical
1703,1703,6,15,0,5,61,financial
1704,1704,4,22,5,12,169,realestate
1705,1705,14,10,9,7,178,software
1706,1706,9,22,3,24,93,retail
1707,1707,0,27,7,29,120,software
1708,1708,12,7,1,26,103,realestate
1709,1709,9,18,6,15,92,software
1710,1710,11,1,3,29,99,software
1711,1711,12,28,5,3,103,software
1712,1712,6,6,5,27,54,realestate
1713,1713,17,12,4,26,194,education
1714,1714,4,5,6,15,181,retail
1715,1715,18,18,8,27,103,education
1716,1716,13,27,6,22,93,education
1717,1717,11,23,4,23,137,education
1718,1718,2,17,7,15,217,software
1719,1719,9,18,2,8,68,financial
1720,1720,4,20,8,16,181,pharmaceutical
1721,1721,8,18,7,10,122,pharmaceutical
1722,1722,6,18,6,19,46,education
1723,1723,10,6,4,15,107,realestate
1724,1724,3,26,8,2,216,education
1725,1725,17,6,2,0,190,financial
1726,1726,17,2,0,9,195,pharmaceutical
1727,1727,10,10,8,5,116,realestate
1728,1728,19,22,9,8,74,education
1729,1729,4,8,0,16,130,retail
1730,1730,0,29,6,20,120,retail
1731,1731,9,15,2,7,52,pharmaceutical
1732,1732,15,7,3,7,196,realestate
1733,1733,9,19,3,25,64,software
1734,1734,8,2,4,5,110,financial
1735,1735,1,9,1,19,161,realestate
1736,1736,7,1,1,0,137,pharmaceutical
1737,1737,10,6,1,7,108,retail
1738,1738,8,4,7,12,122,education
1739,1739,19,24,2,29,91,realestate
1740,1740,16,7,5,16,159,software
1741,1741,16,2,0,7,160,pharmaceutical
1742,1742,19,2,0,15,92,education
1743,1743,6,1,1,2,63,pharmaceutical
1744,1744,19,0,0,3,87,retail
1745,1745,13,2,1,14,133,education
1746,1746,10,25,9,19,114,financial
1747,1747,6,10,0,12,63,software
1748,1748,16,16,4,19,151,financial
1749,1749,18,19,4,26,84,software
1750,1750,1,29,6,14,163,realestate
1751,1751,1,16,5,17,193,realestate
1752,1752,11,3,0,27,103,retail
1753,1753,17,27,6,21,185,financial
1754,1754,19,17,0,14,77,education
1755,1755,14,13,9,16,186,education
1756,1756,18,24,4,4,59,software
1757,1757,0,29,2,13,120,financial
1758,1758,13,2,7,26,94,realestate
1759,1759,9,21,9,20,48,software
1760,1760,6,19,1,21,54,realestate
1761,1761,19,13,7,2,99,software
1762,1762,7,16,5,4,164,education
1763,1763,19,26,0,29,105,retail
1764,1764,3,8,6,7,198,software
1765,1765,17,3,8,4,187,realestate
1766,1766,17,21,8,9,204,retail
1767,1767,2,12,6,9,211,financial
1768,1768,7,21,0,1,152,realestate
1769,1769,15,17,9,12,195,software
1770,1770,12,24,7,0,104,retail
1771,1771,17,22,2,29,194,education
1772,1772,3,8,0,0,165,education
1773,1773,8,25,1,5,141,education
1774,1774,5,6,4,18,99,realestate
1775,1775,3,8,7,17,171,pharmaceutical
1776,1776,6,19,6,4,38,realestate
1777,1777,16,1,2,8,153,education
1778,1778,8,25,8,5,187,financial
1779,1779,18,7,2,12,98,realestate
1780,1780,7,27,6,22,161,software
1781,1781,19,10,3,8,84,financial
1782,1782,3,27,1,25,182,realestate
1783,1783,0,0,2,12,123,pharmaceutical
1784,1784,1,24,2,0,218,financial
1785,1785,18,18,2,14,88,education
1786,1786,1,17,0,19,157,education
1787,1787,18,14,7,11,91,pharmaceutical
1788,1788,14,14,9,1,184,financial
1789,1789,7,14,3,10,161,retail
1790,1790,5,25,8,16,99,pharmaceutical
1791,1791,17,0,0,16,183,retail
1792,1792,4,18,3,11,177,realestate
1793,1793,7,1,9,7,136,software
1794,1794,4,21,3,8,168,education
1795,1795,6,28,4,23,52,pharmaceutical
1796,1796,2,6,3,22,215,software
1797,1797,13,26,0,7,115,education
1798,1798,3,10,7,6,177,education
1799,1799,1,22,5,17,166,software
1800,1800,0,10,1,21,122,financial
1801,1801,12,3,5,1,92,pharmaceutical
1802,1802,8,4,2,21,133,financial
1803,1803,1,10,5,26,192,software
1804,1804,13,5,2,17,119,education
1805,1805,9,22,3,12,74,software
1806,1806,0,9,4,5,122,financial
1807,1807,7,1,2,14,130,pharmaceutical
1808,1808,5,8,4,23,110,financial
1809,1809,17,13,1,4,187,pharmaceutical
1810,1810,5,17,6,20,139,retail
1811,1811,18,29,3,22,63,financial
1812,1812,10,27,4,13,127,retail
1813,1813,11,22,6,0,107,financial
1814,1814,14,19,3,6,190,education
1815,1815,12,8,2,17,109,education
1816,1816,9,15,3,15,81,realestate
1817,1817,18,1,0,23,78,realestate
1818,1818,3,4,8,4,188,retail
1819,1819,19,23,1,24,104,pharmaceutical
1820,1820,18,11,5,29,85,education
1821,1821,9,24,5,17,45,education
1822,1822,16,15,2,16,154,education
1823,1823,18,4,9,13,56,retail
1824,1824,10,0,7,1,90,financial
1825,1825,10,20,7,22,119,realestate
1826,1826,6,12,2,26,64,retail
1827,1827,2,15,6,14,219,education
1828,1828,18,1,1,11,95,software
1829,1829,5,21,6,26,135,education
1830,1830,17,6,7,27,204,software
1831,1831,1,0,4,29,187,retail
1832,1832,16,9,4,18,153,software
1833,1833,7,18,1,23,140,software
1834,1834,10,27,7,16,90,software
1835,1835,0,9,8,17,122,retail
1836,1836,5,16,6,9,127,realestate
1837,1837,9,13,4,7,83,realestate
1838,1838,12,19,2,23,80,education
1839,1839,14,14,6,29,198,software
1840,1840,6,17,1,21,47,retail
1841,1841,3,26,9,19,197,realestate
1842,1842,18,27,0,12,75,education
1843,1843,16,11,0,7,161,retail
1844,1844,8,10,5,19,184,pharmaceutical
1845,1845,1,4,9,12,155,education
1846,1846,3,26,5,28,166,education
1847,1847,15,9,3,24,202,realestate
1848,1848,15,19,8,17,184,education
1849,1849,17,10,5,16,199,financial
1850,1850,18,17,8,10,71,pharmaceutical
1851,1851,8,16,0,12,194,pharmaceutical
1852,1852,12,11,1,7,81,retail
1853,1853,2,27,3,22,203,realestate
1854,1854,14,17,6,27,188,education
1855,1855,8,17,6,19,170,realestate
1856,1856,15,10,2,24,215,software
1857,1857,9,17,5,23,77,retail
1858,1858,2,4,2,12,215,retail
1859,1859,12,28,7,16,93,realestate
1860,1860,11,16,7,21,137,realestate
1861,1861,11,17,0,3,98,financial
1862,1862,7,23,3,21,126,retail
1863,1863,4,12,8,1,178,education
1864,1864,17,29,4,4,189,software
1865,1865,4,14,2,1,186,realestate
1866,1866,14,11,0,5,197,realestate
1867,1867,9,17,2,3,70,financial
1868,1868,16,1,0,9,157,pharmaceutical
1869,1869,2,28,8,0,202,software
1870,1870,13,2,5,17,87,realestate
1871,1871,16,0,9,0,152,realestate
1872,1872,8,13,0,19,149,retail
1873,1873,4,14,9,11,170,realestate
1874,1874,10,26,4,5,101,realestate
1875,1875,2,22,9,14,203,retail
1876,1876,6,12,8,24,75,retail
1877,1877,14,24,4,4,185,education
1878,1878,2,5,3,6,207,retail
1879,1879,2,18,8,21,205,education
1880,1880,16,18,6,28,153,financial
1881,1881,15,5,5,11,198,pharmaceutical
1882,1882,9,10,3,19,69,retail
1883,1883,10,20,2,12,107,retail
1884,1884,14,26,1,6,183,software
1885,1885,16,16,6,18,147,realestate
1886,1886,19,0,8,20,108,education
1887,1887,15,11,9,8,206,retail
1888,1888,15,14,0,10,208,financial
1889,1889,13,28,2,8,101,financial
1890,1890,0,17,6,12,121,software
1891,1891,0,10,0,16,123,pharmaceutical
1892,1892,15,29,1,11,180,financial
1893,1893,5,5,1,11,138,retail
1894,1894,13,2,8,18,126,pharmaceutical
1895,1895,17,23,7,5,205,retail
1896,1896,14,18,3,11,183,software
1897,1897,9,7,7,9,85,software
1898,1898,5,6,7,0,99,pharmaceutical
1899,1899,0,24,0,3,120,software
1900,1900,18,22,0,18,61,software
1901,1901,9,0,3,5,94,education
1902,1902,11,28,7,9,139,realestate
1903,1903,4,4,3,17,179,financial
1904,1904,7,19,2,5,155,pharmaceutical
1905,1905,4,29,4,11,146,education
1906,1906,18,12,6,2,84,retail
1907,1907,8,22,1,23,143,education
1908,1908,16,3,3,0,150,software
1909,1909,14,3,9,12,181,realestate
1910,1910,16,7,1,5,151,realestate
1911,1911,1,17,4,14,190,education
1912,1912,15,16,5,11,197,software
1913,1913,13,4,5,26,98,pharmaceutical
1914,1914,17,23,6,25,205,pharmaceutical
1915,1915,12,8,2,1,96,retail
1916,1916,5,15,6,28,115,education
1917,1917,1,24,8,4,188,software
1918,1918,19,21,4,24,90,retail
1919,1919,18,28,7,16,93,retail
1920,1920,15,11,1,2,206,pharmaceutical
1921,1921,9,26,6,20,82,pharmaceutical
1922,1922,3,19,9,3,185,retail
1923,1923,8,16,6,26,205,software
1924,1924,0,13,4,23,122,pharmaceutical
1925,1925,11,7,2,25,134,pharmaceutical
1926,1926,10,19,0,23,112,financial
1927,1927,15,25,5,17,196,education
1928,1928,8,10,4,21,145,pharmaceutical
1929,1929,7,11,2,13,159,software
1930,1930,15,24,9,26,186,software
1931,1931,6,12,3,13,85,pharmaceutical
1932,1932,15,18,9,1,179,realestate
1933,1933,17,9,2,10,197,education
1934,1934,2,4,2,4,207,software
1935,1935,8,22,7,26,183,software
1936,1936,4,7,1,4,164,realestate
1937,1937,5,2,3,26,92,retail
1938,1938,5,11,9,29,112,retail
1939,1939,17,15,9,8,186,education
1940,1940,2,29,7,23,203,realestate
1941,1941,8,22,6,4,167,retail
1942,1942,7,15,5,6,129,realestate
1943,1943,0,26,9,24,121,education
1944,1944,12,8,1,14,78,financial
1945,1945,1,11,5,18,159,retail
1946,1946,1,24,1,23,231,financial
1947,1947,10,5,5,21,89,retail
1948,1948,16,20,4,22,158,software
1949,1949,17,28,0,12,188,realestate
1950,1950,6,23,3,27,73,realestate
1951,1951,11,3,9,11,115,education
1952,1952,1,6,4,27,191,realestate
1953,1953,17,9,5,10,196,pharmaceutical
1954,1954,19,20,9,28,115,retail
1955,1955,2,8,9,28,199,retail
1956,1956,19,14,7,12,109,software
1957,1957,2,18,0,15,214,education
1958,1958,12,3,9,16,100,realestate
1959,1959,19,16,5,13,103,pharmaceutical
1960,1960,9,18,4,16,61,pharmaceutical
1961,1961,7,10,1,3,131,retail
1962,1962,19,15,7,17,94,education
1963,1963,2,20,3,26,211,pharmaceutical
1964,1964,19,12,7,7,114,realestate
1965,1965,11,18,3,16,96,education
1966,1966,18,20,2,13,51,retail
1967,1967,10,12,5,17,108,financial
1968,1968,18,2,8,0,70,retail
1969,1969,9,5,4,20,60,education
1970,1970,8,25,3,10,179,realestate
1971,1971,17,22,6,22,192,software
1972,1972,19,29,5,29,109,education
1973,1973,1,0,8,26,234,pharmaceutical
1974,1974,5,24,1,29,102,realestate
1975,1975,19,19,3,4,106,pharmaceutical
1976,1976,19,21,3,4,84,financial
1977,1977,17,14,3,23,205,education
1978,1978,10,4,3,17,117,software
1979,1979,1,1,1,18,211,retail
1980,1980,9,11,4,29,69,financial
1981,1981,2,25,2,24,202,financial
1982,1982,4,5,6,22,155,realestate
1983,1983,0,11,9,11,120,pharmaceutical
1984,1984,11,27,6,3,109,pharmaceutical
1985,1985,5,21,9,5,129,realestate
1986,1986,10,8,4,8,91,financial
1987,1987,6,0,4,23,41,realestate
1988,1988,8,0,2,13,135,retail
1989,1989,2,28,9,11,206,pharmaceutical
1990,1990,18,10,4,18,73,retail
1991,1991,2,1,1,21,203,pharmaceutical
1992,1992,19,12,4,15,115,education
1993,1993,16,14,2,13,158,pharmaceutical
1994,1994,17,16,5,21,188,realestate
1995,1995,0,24,1,8,122,retail
1996,1996,9,1,9,27,51,realestate
1997,1997,15,17,3,22,204,software
1998,1998,11,18,3,6,121,software
1999,1999,12,3,7,26,93,financial
